{
  "version": 1,
  "author": "edmilson marciano",
  "editor": "wokwi",
  "parts": [
    { "type": "wokwi-breadboard-half", "id": "bb2", "top": -31.8, "left": -102.8, "attrs": {} },
    { "type": "board-esp32-devkit-c-v4", "id": "esp", "top": -38.4, "left": 283.24, "attrs": {} },
    {
      "type": "wokwi-led",
      "id": "led1",
      "top": -195.6,
      "left": -53.8,
      "attrs": { "color": "green" }
    },
    {
      "type": "wokwi-led",
      "id": "led2",
      "top": -195.6,
      "left": 3.8,
      "attrs": { "color": "yellow" }
    },
    {
      "type": "wokwi-led",
      "id": "led3",
      "top": -195.6,
      "left": 51.8,
      "attrs": { "color": "red" }
    },
    {
      "type": "wokwi-resistor",
      "id": "r1",
      "top": -110.4,
      "left": -0.55,
      "rotate": 90,
      "attrs": { "value": "220" }
    },
    {
      "type": "wokwi-resistor",
      "id": "r2",
      "top": -100.8,
      "left": -58.15,
      "rotate": 90,
      "attrs": { "value": "220" }
    },
    {
      "type": "wokwi-resistor",
      "id": "r3",
      "top": -120,
      "left": 47.45,
      "rotate": 90,
      "attrs": { "value": "220" }
    },
    {
      "type": "wokwi-slide-potentiometer",
      "id": "pot2",
      "top": -206.2,
      "left": 152.6,
      "attrs": { "travelLength": "30" }
    }
  ],
  "connections": [
    [ "esp:TX", "$serialMonitor:RX", "", [] ],
    [ "esp:RX", "$serialMonitor:TX", "", [] ],
    [ "led1:A", "r2:1", "green", [ "v0" ] ],
    [ "led2:A", "r1:1", "yellow", [ "v0" ] ],
    [ "led3:A", "r3:1", "purple", [ "v0" ] ],
    [ "led1:C", "bb2:tn.1", "black", [ "v67.2", "h-28.4", "v76.9" ] ],
    [ "led2:C", "bb2:tn.2", "black", [ "h-28.4", "v105.6", "h-49.6" ] ],
    [ "led3:C", "bb2:tn.3", "black", [ "h-18.8", "v115.2", "h-97.6" ] ],
    [ "bb2:20t.e", "esp:26", "yellow", [ "v0" ] ],
    [ "esp:27", "bb2:17t.e", "green", [ "h0" ] ],
    [ "esp:25", "bb2:23t.e", "purple", [ "h-115.05", "v0", "h-38.4" ] ],
    [ "r2:2", "bb2:17t.a", "green", [ "h0" ] ],
    [ "r1:2", "bb2:20t.a", "yellow", [ "h0" ] ],
    [ "r3:2", "bb2:23t.a", "purple", [ "h0" ] ],
    [ "bb2:tn.25", "esp:GND.1", "black", [ "h40", "v124.7" ] ],
    [ "pot2:GND", "bb2:tn.23", "black", [ "v115.2", "h-169.2" ] ],
    [ "pot2:VCC", "bb2:tp.20", "red", [ "h0" ] ],
    [ "bb2:tp.25", "esp:3V3", "red", [ "v0.3", "h87.85" ] ],
    [ "esp:34", "bb2:27t.e", "orange", [ "v19.2", "h-115.05" ] ],
    [ "bb2:27t.a", "pot2:SIG", "orange", [ "v-96", "h-19.2" ] ]
  ],
  "dependencies": {}
}